{
  "latent_size": 3072,
  "compression_ratio": 1.0,
  "test_mse": 1.7004572672855526e-08,
  "test_psnr": 77.69434277471494,
  "parameters": 4608,
  "epochs": 1,
  "learning_rate": 0.0001,
  "seed": 42
}