{
  "latent_size": 64,
  "compression_ratio": 48.0,
  "test_mse": 0.007330723953247071,
  "test_psnr": 21.348531340389595,
  "parameters": 949780,
  "epochs": 15,
  "learning_rate": 0.001,
  "seed": 42
}