{
  "latent_size": 512,
  "compression_ratio": 6.0,
  "test_mse": 0.019966332387924196,
  "test_psnr": 16.997017032800276,
  "parameters": 6810179,
  "epochs": 1,
  "learning_rate": 0.002,
  "seed": 42
}