{
  "latent_size": 64,
  "compression_ratio": 48.0,
  "test_mse": 0.012667301197846731,
  "test_psnr": 18.973159028538024,
  "parameters": 663648,
  "epochs": 15,
  "learning_rate": 0.001,
  "seed": 42
}