{
  "latent_size": 3072,
  "compression_ratio": 1.0,
  "test_mse": 0.0007950571519633134,
  "test_psnr": 30.996016513559,
  "parameters": 954339,
  "epochs": 15,
  "learning_rate": 0.001,
  "seed": 42
}