{
  "latent_size": 256,
  "compression_ratio": 12.0,
  "test_mse": 0.002102998101711273,
  "test_psnr": 26.771611193330283,
  "parameters": 950071,
  "epochs": 15,
  "learning_rate": 0.001,
  "seed": 42
}