{
  "latent_size": 128,
  "compression_ratio": 24.0,
  "test_mse": 0.005052207549413045,
  "test_psnr": 22.965188165265815,
  "parameters": 663744,
  "epochs": 15,
  "learning_rate": 0.001,
  "seed": 42
}