{
  "latent_size": 2048,
  "compression_ratio": 1.5,
  "test_mse": 0.0009375178857396046,
  "test_psnr": 30.280204381560626,
  "parameters": 952787,
  "epochs": 15,
  "learning_rate": 0.001,
  "seed": 42
}