{
  "latent_size": 512,
  "compression_ratio": 6.0,
  "test_mse": 0.0009200117252767086,
  "test_psnr": 30.362066376647448,
  "parameters": 950459,
  "epochs": 15,
  "learning_rate": 0.001,
  "seed": 42
}