{
  "latent_size": 3072,
  "compression_ratio": 1.0,
  "test_mse": 1.0392922668719015e-08,
  "test_psnr": 79.83262304184302,
  "parameters": 4608,
  "epochs": 0,
  "learning_rate": 0.001,
  "seed": 42
}